{
    "NELL": {
        "0": {
            "test": 0.38596491228070173,
            "epoch": 32
        },
        "1": {
            "test": 0.391124871001032,
            "epoch": 25
        },
        "2": {
            "test": 0.5108359133126935,
            "epoch": 26
        },
        "3": {
            "test": 0.42518059855521156,
            "epoch": 24
        },
        "4": {
            "test": 0.37048503611971106,
            "epoch": 23
        },
        "5": {
            "test": 0.3570691434468524,
            "epoch": 36
        },
        "6": {
            "test": 0.41589267285861714,
            "epoch": 29
        },
        "7": {
            "test": 0.47987616099071206,
            "epoch": 26
        }
    },
    "Cora": {
        "0": {
            "test": 0.8,
            "epoch": 13
        },
        "1": {
            "test": 0.806,
            "epoch": 22
        },
        "2": {
            "test": 0.792,
            "epoch": 14
        },
        "3": {
            "test": 0.796,
            "epoch": 54
        },
        "4": {
            "test": 0.797,
            "epoch": 46
        },
        "5": {
            "test": 0.794,
            "epoch": 21
        },
        "6": {
            "test": 0.785,
            "epoch": 17
        },
        "7": {
            "test": 0.8,
            "epoch": 15
        }
    },
    "Citeseer": {
        "0": {
            "test": 0.658,
            "epoch": 9
        },
        "1": {
            "test": 0.643,
            "epoch": 12
        },
        "2": {
            "test": 0.649,
            "epoch": 33
        },
        "3": {
            "test": 0.685,
            "epoch": 8
        },
        "4": {
            "test": 0.661,
            "epoch": 9
        },
        "5": {
            "test": 0.643,
            "epoch": 27
        },
        "6": {
            "test": 0.661,
            "epoch": 12
        },
        "7": {
            "test": 0.663,
            "epoch": 33
        }
    },
    "Pubmed": {
        "0": {
            "test": 0.777,
            "epoch": 66
        },
        "1": {
            "test": 0.772,
            "epoch": 60
        },
        "2": {
            "test": 0.758,
            "epoch": 33
        },
        "3": {
            "test": 0.782,
            "epoch": 71
        },
        "4": {
            "test": 0.774,
            "epoch": 45
        },
        "5": {
            "test": 0.778,
            "epoch": 51
        },
        "6": {
            "test": 0.778,
            "epoch": 53
        },
        "7": {
            "test": 0.777,
            "epoch": 50
        }
    }
}